{"damage_rate": 0.5, "accuracy": 0.7132800817489624, "acc_mean": 71.32799530029297, "acc_std": 0.1578405648469925, "best_model_path": "pubmed_best_models/best_dgi_0.5.pkl", "best_t": 732}