{"damage_rate": 0.2, "accuracy": 0.7649599313735962, "acc_mean": 76.49600219726562, "acc_std": 0.23643478751182556, "best_model_path": "pubmed_best_models/best_dgi_0.2.pkl", "best_t": 565}