{"damage_rate": 0.3, "accuracy": 0.7490799427032471, "acc_mean": 74.90800476074219, "acc_std": 0.14119090139865875, "best_model_path": "pubmed_best_models/best_dgi_0.3.pkl", "best_t": 476}