{"damage_rate": 0.6, "accuracy": 0.7099599838256836, "acc_mean": 70.99600219726562, "acc_std": 0.17018604278564453, "best_model_path": "pubmed_best_models/best_dgi_0.6.pkl", "best_t": 527}