{"damage_rate": 0.8, "accuracy": 0.6356799602508545, "acc_mean": 63.56800079345703, "acc_std": 0.16091594099998474, "best_model_path": "pubmed_best_models/best_dgi_0.8.pkl", "best_t": 784}