{"damage_rate": 0.0, "accuracy": 0.7646600008010864, "acc_mean": 76.46601104736328, "acc_std": 0.15065962076187134, "best_model_path": "pubmed_best_models/best_dgi_0.0.pkl", "best_t": 517}