{"damage_rate": 1.0, "accuracy": 0.40699976682662964, "acc_mean": 40.70000076293945, "acc_std": 0.0, "best_model_path": "pubmed_best_models/best_dgi_1.0.pkl", "best_t": 0}