{"damage_rate": 0.1, "accuracy": 0.7768800258636475, "acc_mean": 77.68800354003906, "acc_std": 0.15861639380455017, "best_model_path": "pubmed_best_models/best_dgi_0.1.pkl", "best_t": 343}