{"damage_rate": 0.9, "accuracy": 0.6240999698638916, "acc_mean": 62.410003662109375, "acc_std": 0.15551131963729858, "best_model_path": "pubmed_best_models/best_dgi_0.9.pkl", "best_t": 314}