{"damage_rate": 0.4, "accuracy": 0.7333400845527649, "acc_mean": 73.33399963378906, "acc_std": 0.15985889732837677, "best_model_path": "pubmed_best_models/best_dgi_0.4.pkl", "best_t": 572}