{"damage_rate": 0.7, "accuracy": 0.693600058555603, "acc_mean": 69.36000061035156, "acc_std": 0.17842845618724823, "best_model_path": "pubmed_best_models/best_dgi_0.7.pkl", "best_t": 909}