{"damage_rate": 0.9, "accuracy": 0.4484400153160095, "acc_mean": 44.84400177001953, "acc_std": 0.30583319067955017, "best_model_path": "citeseer_best_models/best_dgi_0.9.pkl", "best_t": 525}