{"damage_rate": 0.7, "accuracy": 0.6537399888038635, "acc_mean": 65.3740005493164, "acc_std": 0.23543919622898102, "best_model_path": "citeseer_best_models/best_dgi_0.7.pkl", "best_t": 264}