{"damage_rate": 0.4, "accuracy": 0.7025399804115295, "acc_mean": 70.2540054321289, "acc_std": 0.22242672741413116, "best_model_path": "citeseer_best_models/best_dgi_0.4.pkl", "best_t": 206}