{"damage_rate": 0.6, "accuracy": 0.6581200957298279, "acc_mean": 65.81200408935547, "acc_std": 0.2191261202096939, "best_model_path": "citeseer_best_models/best_dgi_0.6.pkl", "best_t": 292}