{"damage_rate": 0.1, "accuracy": 0.7208001613616943, "acc_mean": 72.08000183105469, "acc_std": 0.14285928010940552, "best_model_path": "citeseer_best_models/best_dgi_0.1.pkl", "best_t": 178}