{"damage_rate": 0.3, "accuracy": 0.7142399549484253, "acc_mean": 71.42400360107422, "acc_std": 0.1450665146112442, "best_model_path": "citeseer_best_models/best_dgi_0.3.pkl", "best_t": 136}