{"damage_rate": 0.0, "accuracy": 0.7054800391197205, "acc_mean": 70.54800415039062, "acc_std": 0.12493149936199188, "best_model_path": "citeseer_best_models/best_dgi_0.0.pkl", "best_t": 166}