{"damage_rate": 0.8, "accuracy": 0.5853999257087708, "acc_mean": 58.53999710083008, "acc_std": 0.21380917727947235, "best_model_path": "citeseer_best_models/best_dgi_0.8.pkl", "best_t": 415}