{"damage_rate": 0.2, "accuracy": 0.7099601030349731, "acc_mean": 70.9959945678711, "acc_std": 0.25471702218055725, "best_model_path": "citeseer_best_models/best_dgi_0.2.pkl", "best_t": 210}