{"damage_rate": 1.0, "accuracy": 0.18100006878376007, "acc_mean": 18.100000381469727, "acc_std": 0.0, "best_model_path": "citeseer_best_models/best_dgi_1.0.pkl", "best_t": 0}