{"damage_rate": 0.4, "accuracy": 0.7892800569534302, "acc_mean": 78.9280014038086, "acc_std": 0.19901858270168304, "best_model_path": "best_models/best_dgi_0.4.pkl", "best_t": 382}