{"damage_rate": 0.2, "accuracy": 0.8060398101806641, "acc_mean": 80.60400390625, "acc_std": 0.1862189620733261, "best_model_path": "best_models/best_dgi_0.2.pkl", "best_t": 174}