{"damage_rate": 0.9, "accuracy": 0.48500001430511475, "acc_mean": 48.5, "acc_std": 0.2539489269256592, "best_model_path": "best_models/best_dgi_0.9.pkl", "best_t": 468}