{"damage_rate": 0.9, "accuracy": 0.8041401505470276, "acc_mean": 80.41400146484375, "acc_std": 0.14429284632205963, "best_model_path": "best_models/best_dgi_0.9.pkl", "best_t": 295}