{"damage_rate": 0.2, "accuracy": 0.8217198848724365, "acc_mean": 82.1719970703125, "acc_std": 0.11255787312984467, "best_model_path": "best_models/best_dgi_0.2.pkl", "best_t": 155}