{"damage_rate": 0.5, "accuracy": 0.7531599998474121, "acc_mean": 75.31600189208984, "acc_std": 0.14895497262477875, "best_model_path": "best_models/best_dgi_0.5.pkl", "best_t": 295}