{"damage_rate": 0.3, "accuracy": 0.7880200743675232, "acc_mean": 78.802001953125, "acc_std": 0.23775289952754974, "best_model_path": "best_models/best_dgi_0.3.pkl", "best_t": 220}