{"damage_rate": 1.0, "accuracy": 0.0639999583363533, "acc_mean": 6.399999618530273, "acc_std": 0.0, "best_model_path": "best_models/best_dgi_1.0.pkl", "best_t": 0}