{"damage_rate": 0.5, "accuracy": 0.8133399486541748, "acc_mean": 81.33399963378906, "acc_std": 0.2404182404279709, "best_model_path": "best_models/best_dgi_0.5.pkl", "best_t": 138}