{"damage_rate": 0.4, "accuracy": 0.8194800615310669, "acc_mean": 81.94800567626953, "acc_std": 0.16689300537109375, "best_model_path": "best_models/best_dgi_0.4.pkl", "best_t": 292}