{"damage_rate": 0.7, "accuracy": 0.8248803615570068, "acc_mean": 82.48800659179688, "acc_std": 0.16859619319438934, "best_model_path": "best_models/best_dgi_0.7.pkl", "best_t": 168}