{"damage_rate": 0.5, "accuracy": 0.8133399486541748, "acc_mean": 81.33399963378906, "acc_std": 0.2404182404279709, "best_model_path": "best_models/best_dgi_0.5.pkl", "best_t": 138}{"damage_rate": 0.5, "accuracy": 0.7537999749183655, "acc_mean": 75.3800048828125, "acc_std": 0.17023436725139618, "best_model_path": "best_models/best_dgi_0.5.pkl", "best_t": 375}{"damage_rate": 0.5, "accuracy": 0.7531599998474121, "acc_mean": 75.31600189208984, "acc_std": 0.14895497262477875, "best_model_path": "best_models/best_dgi_0.5.pkl", "best_t": 295}