{"damage_rate": 0.3, "accuracy": 0.8172602653503418, "acc_mean": 81.72600555419922, "acc_std": 0.13063311576843262, "best_model_path": "best_models/best_dgi_0.3.pkl", "best_t": 208}